Project,Snapshot,bus_factor_norm,gini_repo_load,bipartite_density,knowledge_redundancy,fc_attack_adaptive
1inch,0,0.024390243902439025,0.5960758807588076,0.03843090402230187,0.13239156032118468,0.1073170731707317
1inch,1,0.023809523809523808,0.5944862155388471,0.037641636258882276,0.13236395369989665,0.10526315789473684
1inch,2,0.024193548387096774,0.5964328383683223,0.03814634146341463,0.1332722133301425,0.10628019323671498
1inch,3,0.024,0.6020051679586563,0.03779289493575208,0.12503562548164712,0.10476190476190476
1inch,4,0.023255813953488372,0.6058081684600255,0.0367816091954023,0.12673952012718412,0.10138248847926268
1inch,5,0.022900763358778626,0.6077666672827754,0.03718216649251132,0.12559433479124882,0.1004566210045662
1inch,6,0.022900763358778626,0.6130804518503744,0.03744834710743802,0.12636477834099658,0.1
1inch,7,0.022388059701492536,0.6093831541592736,0.03728956228956229,0.12541362853176247,0.10762331838565023
1inch,8,0.022058823529411766,0.6112945178071229,0.03731649306979414,0.12679471260769704,0.10619469026548672
Abracadabra,0,0.12,0.3421276595744681,0.11538461538461539,0.0829410254777902,0.14285714285714285
Abracadabra,1,0.11538461538461539,0.38461538461538464,0.10331384015594541,0.1105308302808303,0.13043478260869565
Abracadabra,2,0.11538461538461539,0.38461538461538464,0.10331384015594541,0.1105308302808303,0.13043478260869565
Abracadabra,3,0.11538461538461539,0.38461538461538464,0.10331384015594541,0.1105308302808303,0.13043478260869565
Abracadabra,4,0.11538461538461539,0.38461538461538464,0.10331384015594541,0.1105308302808303,0.13043478260869565
Abracadabra,5,0.1111111111111111,0.38155136268343814,0.10150375939849623,0.11006203007518799,0.1276595744680851
Abracadabra,6,0.1111111111111111,0.38155136268343814,0.10150375939849623,0.11006203007518799,0.1276595744680851
Abracadabra,7,0.1111111111111111,0.38155136268343814,0.10150375939849623,0.11006203007518799,0.1276595744680851
Abracadabra,8,0.1111111111111111,0.38155136268343814,0.10150375939849623,0.11006203007518799,0.1276595744680851
Acala,0,0.008894536213468869,0.5320236983512193,0.006501230758359146,0.03574029287443188,0.05004101722723544
Acala,1,0.008849557522123894,0.5318659149144349,0.006464413722478238,0.036337662880826696,0.05057096247960848
Acala,2,0.008849557522123894,0.5324099853625888,0.006473141553786715,0.03636369891628703,0.05057096247960848
Acala,3,0.00880503144654088,0.5326639904926974,0.006425146326598669,0.03503653847734386,0.050283860502838604
Acala,4,0.008684863523573201,0.5317905393954199,0.0063074226642999874,0.03496590948844271,0.050359712230215826
Acala,5,0.008588957055214725,0.5315608176517322,0.00622592787114846,0.034427853790048125,0.05063291139240506
Acala,6,0.008557457212713936,0.5315673316836024,0.006211061890349196,0.034479127686967016,0.050473186119873815
Acala,7,0.00851581508515815,0.5308424955615602,0.006186040232212772,0.03422934096072346,0.05027494108405342
Acala,8,0.00847457627118644,0.5277659824364859,0.006158307562251875,0.03794061898514821,0.05003909304143862
Across Protocol,0,0.0625,0.47141472868217055,0.13673469387755102,0.15166748915858821,0.17391304347826086
Across Protocol,1,0.05555555555555555,0.4645616839861444,0.12467532467532468,0.12747702918154621,0.15789473684210525
Across Protocol,2,0.05172413793103448,0.4614178924523752,0.11945117029862792,0.12515712284215927,0.15
Across Protocol,3,0.05172413793103448,0.4598097502972652,0.12187247780468119,0.12493353256485722,0.15
Across Protocol,4,0.043478260869565216,0.45173639595296694,0.11224489795918367,0.12294345220225138,0.10989010989010989
Across Protocol,5,0.04054054054054054,0.4447993447993448,0.10857142857142857,0.12099528771465844,0.10416666666666667
Across Protocol,6,0.0379746835443038,0.4386223138062997,0.10595238095238095,0.11957859975571639,0.1188118811881188
Across Protocol,7,0.03488372093023256,0.43112212479349343,0.10344827586206896,0.11745082004130156,0.1111111111111111
Across Protocol,8,0.03296703296703297,0.4249473930324994,0.10041407867494824,0.11599056180784996,0.10619469026548672
Akropolis,0,0.5,0.0,0.5,0.0,0.5
Akropolis,1,0.5,0.0,0.5,0.0,0.5
Akropolis,2,0.5,0.0,0.5,0.0,0.5
Akropolis,3,0.5,0.0,0.5,0.0,0.5
Akropolis,4,0.06976744186046512,0.6015796401930671,0.07077100115074798,0.18379487899207153,0.11382113821138211
Akropolis,5,0.06976744186046512,0.6015796401930671,0.07077100115074798,0.18379487899207153,0.11382113821138211
Akropolis,6,0.06976744186046512,0.6015796401930671,0.07077100115074798,0.18379487899207153,0.11382113821138211
Akropolis,7,0.06976744186046512,0.6015796401930671,0.07077100115074798,0.18379487899207153,0.11382113821138211
Akropolis,8,0.06976744186046512,0.6015796401930671,0.07077100115074798,0.18379487899207153,0.11382113821138211
Aura Finance,0,0.13333333333333333,0.37916666666666665,0.24305555555555555,0.23209699251365917,0.16
Aura Finance,1,0.13333333333333333,0.37916666666666665,0.24305555555555555,0.23209699251365917,0.16
Aura Finance,2,0.13333333333333333,0.37916666666666665,0.24305555555555555,0.23209699251365917,0.16
Aura Finance,3,0.13333333333333333,0.37916666666666665,0.24305555555555555,0.23209699251365917,0.16
Aura Finance,4,0.13333333333333333,0.37916666666666665,0.24305555555555555,0.23209699251365917,0.16
Aura Finance,5,0.13333333333333333,0.37916666666666665,0.24305555555555555,0.23209699251365917,0.16
Aura Finance,6,0.13333333333333333,0.37916666666666665,0.24305555555555555,0.23209699251365917,0.16
Aura Finance,7,0.13333333333333333,0.37916666666666665,0.24305555555555555,0.23209699251365917,0.16
Aura Finance,8,0.13333333333333333,0.37916666666666665,0.24305555555555555,0.23209699251365917,0.16
Bancor,0,0.05714285714285714,0.4776326530612245,0.08036454018227009,0.1314223149758215,0.11428571428571428
Bancor,1,0.05714285714285714,0.48170144462279296,0.07927565392354124,0.11887953189588807,0.11320754716981132
Bancor,2,0.05714285714285714,0.48170144462279296,0.07927565392354124,0.11887953189588807,0.11320754716981132
Bancor,3,0.05714285714285714,0.4841979249800479,0.07967806841046278,0.11897743594116054,0.11320754716981132
Bancor,4,0.05714285714285714,0.4841979249800479,0.07967806841046278,0.11897743594116054,0.11320754716981132
Bancor,5,0.05714285714285714,0.4841979249800479,0.07967806841046278,0.11897743594116054,0.11320754716981132
Bancor,6,0.05714285714285714,0.4841979249800479,0.07967806841046278,0.11897743594116054,0.11320754716981132
Bancor,7,0.056338028169014086,0.48225967828830907,0.08055555555555556,0.11828737610864642,0.11214953271028037
Bancor,8,0.05714285714285714,0.4841979249800479,0.0800804828973843,0.12030164484112703,0.11320754716981132
Beanstalk,0,0.11320754716981132,0.5460452330376109,0.07797270955165692,0.16790466719948433,0.10869565217391304
Beanstalk,1,0.11320754716981132,0.5460452330376109,0.07797270955165692,0.16790466719948433,0.10869565217391304
Beanstalk,2,0.11320754716981132,0.5460452330376109,0.07797270955165692,0.16790466719948433,0.10869565217391304
Beanstalk,3,0.11538461538461539,0.5476923076923077,0.07894736842105263,0.16803078019324438,0.10989010989010989
Beanstalk,4,0.11538461538461539,0.5476923076923077,0.07894736842105263,0.16803078019324438,0.10989010989010989
Beanstalk,5,0.11538461538461539,0.5476923076923077,0.07894736842105263,0.16803078019324438,0.10989010989010989
Beanstalk,6,0.11538461538461539,0.5476923076923077,0.07894736842105263,0.16803078019324438,0.10989010989010989
Beanstalk,7,0.11538461538461539,0.5520934761441091,0.08291956305858987,0.1621109677435502,0.10989010989010989
Beanstalk,8,0.11538461538461539,0.5520934761441091,0.08341608738828203,0.16152420882345797,0.10989010989010989
Cream Finance,0,0.058823529411764705,0.42483660130718953,0.14814814814814814,0.17294960594960596,0.12121212121212122
Cream Finance,1,0.058823529411764705,0.42483660130718953,0.14814814814814814,0.17294960594960596,0.12121212121212122
Cream Finance,2,0.058823529411764705,0.42483660130718953,0.14814814814814814,0.17294960594960596,0.12121212121212122
Cream Finance,3,0.0625,0.4303571428571429,0.15294117647058825,0.17360714285714285,0.125
Cream Finance,4,0.0625,0.4303571428571429,0.15294117647058825,0.17360714285714285,0.125
Cream Finance,5,0.0625,0.4303571428571429,0.15294117647058825,0.17360714285714285,0.125
Cream Finance,6,0.0625,0.4303571428571429,0.15294117647058825,0.17360714285714285,0.125
Cream Finance,7,0.0625,0.4303571428571429,0.15294117647058825,0.17360714285714285,0.125
Cream Finance,8,0.0625,0.4303571428571429,0.15294117647058825,0.17360714285714285,0.125
Crema Finance,0,0.3333333333333333,0.2222222222222222,0.5833333333333334,0.4166666666666667,0.2857142857142857
Crema Finance,1,0.3333333333333333,0.2222222222222222,0.5833333333333334,0.4166666666666667,0.2857142857142857
Crema Finance,2,0.3333333333333333,0.2222222222222222,0.5833333333333334,0.4166666666666667,0.2857142857142857
Crema Finance,3,0.3333333333333333,0.2222222222222222,0.5833333333333334,0.4166666666666667,0.2857142857142857
Crema Finance,4,0.3333333333333333,0.2222222222222222,0.5833333333333334,0.4166666666666667,0.2857142857142857
Crema Finance,5,0.3333333333333333,0.2222222222222222,0.5833333333333334,0.4166666666666667,0.2857142857142857
Crema Finance,6,0.3333333333333333,0.2222222222222222,0.5833333333333334,0.4166666666666667,0.2857142857142857
Crema Finance,7,0.3333333333333333,0.2222222222222222,0.5833333333333334,0.4166666666666667,0.2857142857142857
Crema Finance,8,0.3333333333333333,0.2222222222222222,0.5833333333333334,0.4166666666666667,0.2857142857142857
Curve,0,0.04950495049504951,0.5142421934501142,0.035784313725490194,0.08627455647260669,0.10989010989010989
Curve,1,0.05504587155963303,0.5136954656458319,0.033953997809419496,0.072969073223378,0.10362694300518134
Curve,2,0.05405405405405406,0.5144017256693313,0.03399311531841653,0.07263887461365787,0.10256410256410256
Curve,3,0.05309734513274336,0.5216455393446544,0.03269537480063796,0.07041464262136145,0.10891089108910891
Curve,4,0.05263157894736842,0.5262576972231904,0.03300395256916996,0.07060914242788716,0.10837438423645321
Curve,5,0.05263157894736842,0.528393351800554,0.03320158102766799,0.0708308332153803,0.10837438423645321
Curve,6,0.05217391304347826,0.5315885746447164,0.0334051724137931,0.07093216180345706,0.10784313725490197
Curve,7,0.05217391304347826,0.5315885746447164,0.0334051724137931,0.07093216180345706,0.10784313725490197
Curve,8,0.05263157894736842,0.5322014714204867,0.033794466403162055,0.07128939786921111,0.10837438423645321
EOS,0,0.013175675675675676,0.5917064962570859,0.0023236940643541412,0.028227560864174803,0.05002294630564479
EOS,1,0.013205678441729944,0.5889963277068622,0.0022806337573259105,0.029174630711612307,0.050056369785794814
EOS,2,0.013188262446422684,0.5891405683732622,0.002273968129357698,0.02920606650743904,0.05019131217645735
EOS,3,0.013101867016049788,0.588678035556237,0.0022647120481011297,0.029127538923880186,0.050156739811912224
EOS,4,0.01251604621309371,0.5994387112966265,0.002252747264763302,0.030539972099259575,0.05017452006980803
EOS,5,0.012396694214876033,0.6026561923903677,0.0022437737254459786,0.030723463339592343,0.05005393743257821
EOS,6,0.012380952380952381,0.605609586628975,0.0022347753691935616,0.0310357047443364,0.05001073191672033
EOS,7,0.012318382817435249,0.6050544262546235,0.002222197162203477,0.03092864610687766,0.0500106860440265
EOS,8,0.012326169405815424,0.6048577797068596,0.002218164010904964,0.0311614820383931,0.050021376656690895
Element Finance,0,0.25,0.0,1.0,0.0,0.2
Element Finance,1,0.25,0.0,1.0,0.0,0.2
Element Finance,2,0.25,0.0,1.0,0.0,0.2
Element Finance,3,0.25,0.0,1.0,0.0,0.2
Element Finance,4,0.10810810810810811,0.527889591719379,0.12818336162988114,0.14294184341407973,0.2318840579710145
Element Finance,5,0.10810810810810811,0.527889591719379,0.12818336162988114,0.14294184341407973,0.2318840579710145
Element Finance,6,0.10810810810810811,0.527889591719379,0.12818336162988114,0.14294184341407973,0.2318840579710145
Element Finance,7,0.10810810810810811,0.527889591719379,0.12818336162988114,0.14294184341407973,0.2318840579710145
Element Finance,8,0.05405405405405406,0.5398198198198199,0.13240131578947367,0.13816858854731495,0.22857142857142856
Ethena,0,0.125,0.08125,0.21818181818181817,0.0595766129032258,0.05263157894736842
Ethena,1,0.14285714285714285,0.10081053698074975,0.16279069767441862,0.058701122725512964,0.06
Ethena,2,0.14285714285714285,0.1326530612244898,0.16943521594684385,0.060288424312814545,0.06
Ethena,3,0.13953488372093023,0.13023255813953488,0.16883116883116883,0.060057518942536366,0.058823529411764705
Ethena,4,0.13043478260869565,0.12346185397867104,0.16717325227963525,0.05942760942760942,0.05555555555555555
Ethena,5,0.125,0.11931818181818182,0.1661807580174927,0.05905319883118217,0.05357142857142857
Ethena,6,0.12,0.11543859649122808,0.16526610644257703,0.05870991253644314,0.05172413793103448
Ethena,7,0.11764705882352941,0.11359026369168357,0.16483516483516483,0.058548752834467116,0.05084745762711865
Ethena,8,0.11320754716981132,0.11006289308176101,0.164021164021164,0.058245349421820004,0.06557377049180328
Euler Finance,0,0.05454545454545454,0.5427377220480669,0.09027777777777778,0.14072340317871357,0.16304347826086957
Euler Finance,1,0.04918032786885246,0.5690756561225275,0.08811959087332809,0.154290947833475,0.17475728155339806
Euler Finance,2,0.04225352112676056,0.571700243656029,0.082010582010582,0.14620463835755787,0.15789473684210525
Euler Finance,3,0.0410958904109589,0.5775519222271321,0.07608695652173914,0.14276834731776872,0.15
Euler Finance,4,0.025974025974025976,0.5688102220360285,0.07246376811594203,0.13087694963888116,0.1693548387096774
Euler Finance,5,0.03571428571428571,0.5683852488363766,0.06958698372966207,0.14265680157730132,0.1590909090909091
Euler Finance,6,0.034482758620689655,0.5659958125026706,0.06794003868471954,0.14219206619464844,0.15555555555555556
Euler Finance,7,0.02197802197802198,0.5656985871271586,0.06748188405797101,0.14496935586635679,0.15
Euler Finance,8,0.02127659574468085,0.5626817694780346,0.06491228070175438,0.1467040558294175,0.11188811188811189
Frax,0,0.016355140186915886,0.07080807671255093,0.04005870672537339,0.12075650026911705,0.05043859649122807
Frax,1,0.010344827586206896,0.08806661387469104,0.03562831006259028,0.09411689285271387,0.050997782705099776
Frax,2,0.010368663594470046,0.08741887229473785,0.03559894576636104,0.09411239574811979,0.05
Frax,3,0.010344827586206896,0.08819379454322943,0.03346901854364541,0.10570226532626031,0.05088495575221239
Frax,4,0.010344827586206896,0.08819379454322943,0.03346901854364541,0.10570226532626031,0.05088495575221239
Frax,5,0.010368663594470046,0.0908216123746414,0.03358091850611989,0.10190607728849013,0.050997782705099776
Frax,6,0.010356731875719217,0.09073168392788646,0.033577150818530126,0.10188182503685848,0.05094130675526024
Frax,7,0.010309278350515464,0.09210523195283392,0.03363150960404965,0.10186568915539618,0.050716648291069456
Frax,8,0.011494252873563218,0.09634748741331814,0.033816929339317396,0.10186591462828681,0.05088495575221239
Horizon Protocol,0,0.25,0.28289473684210525,0.2777777777777778,0.21190476190476187,0.2631578947368421
Horizon Protocol,1,0.25,0.28289473684210525,0.2777777777777778,0.21190476190476187,0.2631578947368421
Horizon Protocol,2,0.25,0.28289473684210525,0.2777777777777778,0.21190476190476187,0.2631578947368421
Horizon Protocol,3,0.25,0.28289473684210525,0.2777777777777778,0.21190476190476187,0.21052631578947367
Horizon Protocol,4,0.25,0.28289473684210525,0.2777777777777778,0.21190476190476187,0.21052631578947367
Horizon Protocol,5,0.25,0.28289473684210525,0.2777777777777778,0.21190476190476187,0.21052631578947367
Horizon Protocol,6,0.25,0.28289473684210525,0.2777777777777778,0.21190476190476187,0.21052631578947367
Horizon Protocol,7,0.25,0.28289473684210525,0.2777777777777778,0.21190476190476187,0.21052631578947367
Horizon Protocol,8,0.25,0.28289473684210525,0.2777777777777778,0.21190476190476187,0.21052631578947367
Index Coop,0,1.0,0.0,1.0,0.0,1.0
Index Coop,1,1.0,0.0,1.0,0.0,1.0
Index Coop,2,1.0,0.0,1.0,0.0,1.0
Index Coop,3,1.0,0.0,1.0,0.0,1.0
Index Coop,4,1.0,0.0,1.0,0.0,1.0
Index Coop,5,1.0,0.0,1.0,0.0,1.0
Index Coop,6,1.0,0.0,1.0,0.0,1.0
Index Coop,7,1.0,0.0,1.0,0.0,1.0
Index Coop,8,1.0,0.0,1.0,0.0,1.0
M0 Labs,0,0.4,0.0,1.0,0.0,0.16666666666666666
M0 Labs,1,0.4,0.0,1.0,0.0,0.16666666666666666
M0 Labs,2,0.4,0.0,1.0,0.0,0.16666666666666666
M0 Labs,3,0.4,0.0,1.0,0.0,0.16666666666666666
M0 Labs,4,0.2857142857142857,0.10714285714285714,0.5714285714285714,0.14285714285714285,0.2222222222222222
M0 Labs,5,0.2857142857142857,0.10714285714285714,0.5714285714285714,0.14285714285714285,0.2222222222222222
M0 Labs,6,0.2857142857142857,0.10714285714285714,0.5714285714285714,0.14285714285714285,0.2222222222222222
M0 Labs,7,0.2857142857142857,0.10714285714285714,0.5714285714285714,0.14285714285714285,0.2222222222222222
M0 Labs,8,0.2857142857142857,0.10714285714285714,0.5714285714285714,0.14285714285714285,0.2222222222222222
Maple,0,0.11764705882352941,0.6736395092796477,0.11241217798594848,0.393224831425773,0.10416666666666667
Maple,1,0.1,0.6882575757575757,0.12258064516129032,0.38254357447488585,0.10989010989010989
Maple,2,0.1,0.6882575757575757,0.12258064516129032,0.38254357447488585,0.10989010989010989
Maple,3,0.1111111111111111,0.6742947610823259,0.10723626852659111,0.3761343654266872,0.10101010101010101
Maple,4,0.1111111111111111,0.6723356009070295,0.10854402789886661,0.373393452297303,0.10101010101010101
Maple,5,0.1111111111111111,0.6723356009070295,0.10854402789886661,0.373393452297303,0.10101010101010101
Maple,6,0.10810810810810811,0.6696696696696697,0.10653650254668931,0.37289895184099475,0.1
Maple,7,0.10810810810810811,0.6696696696696697,0.10653650254668931,0.37289895184099475,0.1
Maple,8,0.10810810810810811,0.6696696696696697,0.10653650254668931,0.37289895184099475,0.1
Ondo Finance,0,0.25,0.0,0.3333333333333333,0.0,0.25
Ondo Finance,1,0.25,0.0,0.3333333333333333,0.0,0.25
Ondo Finance,2,0.25,0.0,0.3333333333333333,0.0,0.25
Ondo Finance,3,0.25,0.0,0.3333333333333333,0.0,0.25
Ondo Finance,4,0.25,0.0,0.3333333333333333,0.0,0.25
Ondo Finance,5,0.25,0.0,0.3333333333333333,0.0,0.25
Ondo Finance,6,0.25,0.0,0.3333333333333333,0.0,0.25
Ondo Finance,7,0.25,0.0,0.3333333333333333,0.0,0.25
Ondo Finance,8,0.25,0.0,0.3333333333333333,0.0,0.25
Opium Network,0,0.15,0.5427272727272727,0.11428571428571428,0.3147816257816257,0.13043478260869565
Opium Network,1,0.15,0.5427272727272727,0.11428571428571428,0.3147816257816257,0.13043478260869565
Opium Network,2,0.15,0.5427272727272727,0.11428571428571428,0.3147816257816257,0.13043478260869565
Opium Network,3,0.15,0.5427272727272727,0.11428571428571428,0.3147816257816257,0.13043478260869565
Opium Network,4,0.15,0.5427272727272727,0.11428571428571428,0.3147816257816257,0.13043478260869565
Opium Network,5,0.15,0.5427272727272727,0.11428571428571428,0.3147816257816257,0.13043478260869565
Opium Network,6,0.15,0.5427272727272727,0.11428571428571428,0.3147816257816257,0.13043478260869565
Opium Network,7,0.15,0.5427272727272727,0.11428571428571428,0.3147816257816257,0.13043478260869565
Opium Network,8,0.15,0.5427272727272727,0.11428571428571428,0.3147816257816257,0.13043478260869565
Opyn,0,0.0684931506849315,0.3527958679541882,0.07579318448883667,0.07203441289106252,0.10309278350515463
Opyn,1,0.0684931506849315,0.3527958679541882,0.07579318448883667,0.07203441289106252,0.10309278350515463
Opyn,2,0.0684931506849315,0.3527958679541882,0.07579318448883667,0.07203441289106252,0.10309278350515463
Opyn,3,0.0684931506849315,0.3527958679541882,0.07579318448883667,0.07203441289106252,0.10309278350515463
Opyn,4,0.06329113924050633,0.36812001875293016,0.071,0.0630443814679716,0.11428571428571428
Opyn,5,0.06329113924050633,0.36812001875293016,0.071,0.0630443814679716,0.11428571428571428
Opyn,6,0.06329113924050633,0.36812001875293016,0.071,0.0630443814679716,0.11428571428571428
Opyn,7,0.06329113924050633,0.36812001875293016,0.0715,0.06533305575664589,0.11428571428571428
Opyn,8,0.06329113924050633,0.36812001875293016,0.0715,0.06533305575664589,0.11428571428571428
Origin Protocol,0,0.022321428571428572,0.47544180715764567,0.03211267605633803,0.06893162089876505,0.05067567567567568
Origin Protocol,1,0.022123893805309734,0.4763709560423618,0.03169358786098874,0.06601273001485111,0.05016722408026756
Origin Protocol,2,0.022321428571428572,0.47778880070546736,0.03185185185185185,0.0660521546252238,0.050505050505050504
Origin Protocol,3,0.022321428571428572,0.4794350117096019,0.03153729071537291,0.06896471921466397,0.050335570469798654
Origin Protocol,4,0.02242152466367713,0.4808498125413512,0.031678082191780824,0.06879201092104628,0.050505050505050504
Origin Protocol,5,0.022321428571428572,0.4801435144609991,0.03159817351598174,0.06875813200730606,0.050335570469798654
Origin Protocol,6,0.022123893805309734,0.4796747967479675,0.03150081467624163,0.0687758342712859,0.05
Origin Protocol,7,0.021834061135371178,0.4776376954500634,0.03132817153067302,0.06855938431646613,0.052805280528052806
Origin Protocol,8,0.022026431718061675,0.47896989572070664,0.031422734919490505,0.06874609761056104,0.053156146179401995
Panoptic,0,0.1,0.22777777777777777,0.17682926829268292,0.1992579186347823,0.061224489795918366
Panoptic,1,0.1111111111111111,0.16414141414141414,0.15878378378378377,0.15405906986450493,0.06666666666666667
Panoptic,2,0.1111111111111111,0.16414141414141414,0.15878378378378377,0.15405906986450493,0.06666666666666667
Panoptic,3,0.1,0.25043859649122807,0.16531165311653118,0.15653007021207527,0.06
Panoptic,4,0.1,0.25862068965517243,0.15121951219512195,0.13236691331251735,0.058823529411764705
Panoptic,5,0.1,0.25862068965517243,0.15121951219512195,0.13236691331251735,0.058823529411764705
Panoptic,6,0.1,0.2699152542372881,0.15365853658536585,0.14472049842472318,0.058823529411764705
Panoptic,7,0.0975609756097561,0.26666666666666666,0.1523809523809524,0.14459941253079744,0.057692307692307696
Panoptic,8,0.1,0.2699152542372881,0.15365853658536585,0.14472049842472318,0.058823529411764705
Pendle,0,0.03773584905660377,0.42915951972555744,0.08592592592592592,0.19815670110814318,0.10126582278481013
Pendle,1,0.037037037037037035,0.43567251461988304,0.08391608391608392,0.1996159634576379,0.12345679012345678
Pendle,2,0.037037037037037035,0.43567251461988304,0.08391608391608392,0.1996159634576379,0.12345679012345678
Pendle,3,0.03571428571428571,0.4437274909963986,0.08122157244964262,0.1952420099000681,0.11904761904761904
Pendle,4,0.03508771929824561,0.4415204678362573,0.08045977011494253,0.19517927045440997,0.11764705882352941
Pendle,5,0.03389830508474576,0.43706585162545153,0.07901234567901234,0.19445090671428725,0.11494252873563218
Pendle,6,0.030303030303030304,0.4247086247086247,0.07517965726920951,0.19162117825453942,0.10638297872340426
Pendle,7,0.029411764705882353,0.4203703703703704,0.07568438003220612,0.19067434033786576,0.10416666666666667
Pendle,8,0.028985507246376812,0.4183716965046888,0.07513227513227513,0.1906373041091711,0.10309278350515463
Rari Capital,0,0.025,0.45651197604790417,0.04107312440645774,0.14279915379048344,0.05263157894736842
Rari Capital,1,0.02531645569620253,0.45844136037822175,0.04158653846153846,0.14333101676578533,0.05303030303030303
Rari Capital,2,0.02531645569620253,0.45844136037822175,0.04158653846153846,0.14333101676578533,0.05303030303030303
Rari Capital,3,0.02531645569620253,0.45844136037822175,0.04158653846153846,0.14333101676578533,0.05303030303030303
Rari Capital,4,0.02531645569620253,0.45844136037822175,0.04158653846153846,0.14333101676578533,0.05303030303030303
Rari Capital,5,0.02531645569620253,0.45844136037822175,0.04158653846153846,0.14333101676578533,0.05303030303030303
Rari Capital,6,0.02531645569620253,0.45844136037822175,0.04158653846153846,0.14333101676578533,0.05303030303030303
Rari Capital,7,0.025,0.45651197604790417,0.04131054131054131,0.14325142196720983,0.10526315789473684
Rari Capital,8,0.025,0.45651197604790417,0.04107312440645774,0.14279915379048344,0.05263157894736842
Renzo,0,0.5,0.0,1.0,0.0,1.0
Renzo,1,0.5,0.0,1.0,0.0,1.0
Renzo,2,0.5,0.0,1.0,0.0,1.0
Renzo,3,0.5,0.0,1.0,0.0,1.0
Renzo,4,0.5,0.0,1.0,0.0,1.0
Renzo,5,0.5,0.0,1.0,0.0,1.0
Renzo,6,0.5,0.0,1.0,0.0,1.0
Renzo,7,0.5,0.0,1.0,0.0,1.0
Renzo,8,0.5,0.0,1.0,0.0,1.0
Revert Finance,0,0.25,0.36363636363636365,0.4230769230769231,0.4476495726495726,0.11764705882352941
Revert Finance,1,0.25,0.36363636363636365,0.4230769230769231,0.4476495726495726,0.11764705882352941
Revert Finance,2,0.25,0.36363636363636365,0.4230769230769231,0.4476495726495726,0.11764705882352941
Revert Finance,3,0.25,0.375,0.42857142857142855,0.47710622710622713,0.1111111111111111
Revert Finance,4,0.25,0.375,0.42857142857142855,0.47710622710622713,0.1111111111111111
Revert Finance,5,0.25,0.375,0.42857142857142855,0.47710622710622713,0.1111111111111111
Revert Finance,6,0.25,0.375,0.42857142857142855,0.47710622710622713,0.1111111111111111
Revert Finance,7,0.25,0.375,0.42857142857142855,0.47710622710622713,0.1111111111111111
Revert Finance,8,0.25,0.375,0.42857142857142855,0.47710622710622713,0.1111111111111111
Ronin,0,0.020671834625323,0.31600714086179205,0.005956433757885966,0.02145936253224944,0.05066921606118547
Ronin,1,0.02038216560509554,0.3128743505211834,0.005855203283742873,0.02056748163987289,0.05
Ronin,2,0.020278833967046894,0.313499469620763,0.005820033021463952,0.020330568385649977,0.05065666041275797
Ronin,3,0.01498751040799334,0.25479475032941806,0.00503562138220337,0.020060779940272038,0.05047106325706595
Ronin,4,0.014937759336099586,0.2541348095606482,0.005012946961100928,0.019726591890523712,0.05030181086519115
Ronin,5,0.013039934800325998,0.2980647074681093,0.0058523344191096635,0.019703191977336217,0.05039267015706806
Ronin,6,0.012965964343598054,0.2981105008639063,0.0058186611430185485,0.02046377173555041,0.050130208333333336
Ronin,7,0.012769353551476457,0.29723982196399884,0.005556740722681051,0.018039518016550973,0.05038265306122449
Ronin,8,0.012668250197941409,0.29674332821014393,0.00544649920886076,0.01833155069538845,0.050505050505050504
Silo Finance,0,0.25,0.2565789473684211,0.3392857142857143,0.1971655328798186,0.2
Silo Finance,1,0.18181818181818182,0.3557312252964427,0.2604166666666667,0.18222789115646257,0.2
Silo Finance,2,0.18181818181818182,0.3557312252964427,0.2604166666666667,0.18222789115646257,0.2
Silo Finance,3,0.18181818181818182,0.3557312252964427,0.2604166666666667,0.18222789115646257,0.2
Silo Finance,4,0.18181818181818182,0.3557312252964427,0.2604166666666667,0.18222789115646257,0.2
Silo Finance,5,0.18181818181818182,0.3787878787878788,0.2708333333333333,0.22538265306122449,0.2
Silo Finance,6,0.16666666666666666,0.37666666666666665,0.25961538461538464,0.2196196660482375,0.19047619047619047
Silo Finance,7,0.16666666666666666,0.37666666666666665,0.28846153846153844,0.24295763760049474,0.2857142857142857
Silo Finance,8,0.16666666666666666,0.3611111111111111,0.27884615384615385,0.22658858998144712,0.19047619047619047
Summer.fi,0,0.1,0.4625,0.12558535547041294,0.12712656053400181,0.16363636363636364
Summer.fi,1,0.0975609756097561,0.4659960833184974,0.12008032128514057,0.12353621021500696,0.1592920353982301
Summer.fi,2,0.0975609756097561,0.4659960833184974,0.12008032128514057,0.12353621021500696,0.1592920353982301
Summer.fi,3,0.0963855421686747,0.4704409033985404,0.11674347158218126,0.1282113241360685,0.1565217391304348
Summer.fi,4,0.08333333333333333,0.47151360544217685,0.1157495256166983,0.1281022120625612,0.15517241379310345
Summer.fi,5,0.08333333333333333,0.473351974241654,0.11612903225806452,0.1291803265703096,0.15517241379310345
Summer.fi,6,0.08433734939759036,0.4731809801483514,0.1175115207373272,0.12979245494424696,0.1565217391304348
Summer.fi,7,0.08433734939759036,0.4731809801483514,0.1175115207373272,0.12979245494424696,0.1565217391304348
Summer.fi,8,0.08333333333333333,0.4742485646740966,0.11650853889943075,0.12951456624190272,0.15517241379310345
SuperRare,0,0.14285714285714285,0.22857142857142856,0.375,0.1503968253968254,0.16666666666666666
SuperRare,1,0.14285714285714285,0.22857142857142856,0.375,0.1503968253968254,0.16666666666666666
SuperRare,2,0.14285714285714285,0.22857142857142856,0.375,0.1503968253968254,0.16666666666666666
SuperRare,3,0.14285714285714285,0.2597402597402597,0.325,0.16023809523809524,0.23076923076923078
SuperRare,4,0.14285714285714285,0.2597402597402597,0.325,0.16023809523809524,0.23076923076923078
SuperRare,5,0.14285714285714285,0.2597402597402597,0.325,0.16023809523809524,0.23076923076923078
SuperRare,6,0.14285714285714285,0.2597402597402597,0.325,0.16023809523809524,0.23076923076923078
SuperRare,7,0.14285714285714285,0.2597402597402597,0.325,0.16023809523809524,0.23076923076923078
SuperRare,8,0.14285714285714285,0.2597402597402597,0.325,0.16023809523809524,0.23076923076923078
Symbiotic,0,0.02284263959390863,0.029394113675577004,0.1150492264416315,0.34051255003316067,0.05198019801980198
Symbiotic,1,0.020930232558139535,0.05432660362892921,0.08209887560235588,0.2215795497479853,0.0518018018018018
Symbiotic,2,0.020930232558139535,0.05432660362892921,0.08209887560235588,0.22146855940723534,0.0518018018018018
Symbiotic,3,0.02088167053364269,0.054208898115358,0.07622354497354497,0.1898301937776303,0.0515695067264574
Symbiotic,4,0.02088167053364269,0.06016307012622012,0.07160493827160494,0.15846830906047632,0.05145413870246085
Symbiotic,5,0.020833333333333332,0.06003421900161031,0.07159353348729793,0.15836859999709513,0.05133928571428571
Symbiotic,6,0.020785219399538105,0.07747039457520515,0.06854838709677419,0.18331939968134428,0.051111111111111114
Symbiotic,7,0.018306636155606407,0.08243743073845401,0.06892123287671233,0.19023744019064195,0.05066079295154185
Symbiotic,8,0.01834862385321101,0.0900802752293578,0.06541930273253466,0.20016576259138943,0.05066079295154185
Tornado Cash,0,0.07407407407407407,0.6179337231968811,0.1137218045112782,0.2283185080193627,0.12121212121212122
Tornado Cash,1,0.07407407407407407,0.6181579809898394,0.11278195488721804,0.2308152120117932,0.12121212121212122
Tornado Cash,2,0.07407407407407407,0.6181579809898394,0.11278195488721804,0.2308152120117932,0.12121212121212122
Tornado Cash,3,0.07407407407407407,0.6181579809898394,0.11278195488721804,0.2308152120117932,0.12121212121212122
Tornado Cash,4,0.07407407407407407,0.6181579809898394,0.11278195488721804,0.2308152120117932,0.12121212121212122
Tornado Cash,5,0.07407407407407407,0.6181579809898394,0.11278195488721804,0.2308152120117932,0.12121212121212122
Tornado Cash,6,0.07407407407407407,0.6181579809898394,0.11278195488721804,0.2308152120117932,0.12121212121212122
Tornado Cash,7,0.07407407407407407,0.6181579809898394,0.11278195488721804,0.2308152120117932,0.12121212121212122
Tornado Cash,8,0.07407407407407407,0.6181579809898394,0.11278195488721804,0.2308152120117932,0.12121212121212122
UniLend,0,0.16666666666666666,0.36666666666666664,0.22857142857142856,0.3296296296296296,0.17647058823529413
UniLend,1,0.14285714285714285,0.375,0.2125,0.32523809523809527,0.16666666666666666
UniLend,2,0.14285714285714285,0.375,0.2125,0.32523809523809527,0.16666666666666666
UniLend,3,0.14285714285714285,0.375,0.2125,0.32523809523809527,0.16666666666666666
UniLend,4,0.14285714285714285,0.375,0.2125,0.32523809523809527,0.16666666666666666
UniLend,5,0.14285714285714285,0.375,0.2125,0.32523809523809527,0.16666666666666666
UniLend,6,0.14285714285714285,0.375,0.2125,0.32523809523809527,0.16666666666666666
UniLend,7,0.14285714285714285,0.375,0.2125,0.32523809523809527,0.16666666666666666
UniLend,8,0.14285714285714285,0.375,0.2125,0.32523809523809527,0.16666666666666666
Uniswap,0,0.012433392539964476,0.49372555505362425,0.00888960724098917,0.020928929014329852,0.050143266475644696
Uniswap,1,0.012232415902140673,0.48630558670962304,0.005472246113957344,0.01396097703263502,0.05005753739930955
Uniswap,2,0.012213740458015267,0.4858001298563561,0.005447643375374736,0.01434106251251163,0.05054566341183228
Uniswap,3,0.012772351615326822,0.4848004876647656,0.005213453988509668,0.01400990870258794,0.05053340819764177
Uniswap,4,0.012546125461254613,0.4850201957998555,0.004992058089403222,0.013439324112885266,0.05043859649122807
Uniswap,5,0.014612452350698857,0.47363946276135765,0.0036093968253968255,0.010829388325002987,0.05
Uniswap,6,0.014990630855715179,0.47029001034937107,0.0034705840094904697,0.010582807198703683,0.05033407572383074
Uniswap,7,0.014619883040935672,0.4621591082157929,0.003101012359986798,0.009709236031848022,0.050124275062137534
Uniswap,8,0.015237020316027089,0.46000150080706664,0.00291080536313998,0.009506015102623387,0.0500198491464867
Venus,0,0.0975609756097561,0.522316243570599,0.18214285714285713,0.2078879856277075,0.25806451612903225
Venus,1,0.0975609756097561,0.5222764227642276,0.16356107660455488,0.19340338812605304,0.24615384615384617
Venus,2,0.0975609756097561,0.5246325310935228,0.17207792207792208,0.1976574131810368,0.25
Venus,3,0.1,0.525,0.16967126193001061,0.2120681073228009,0.25
Venus,4,0.09523809523809523,0.5235042735042735,0.16582406471183014,0.20868374749331672,0.24242424242424243
Venus,5,0.09302325581395349,0.5249592652940305,0.16304347826086957,0.2075657120043307,0.23880597014925373
Venus,6,0.09090909090909091,0.5369492470719465,0.152,0.17928589232060135,0.22857142857142856
Venus,7,0.08888888888888889,0.5352188552188553,0.15043478260869564,0.17835188797129295,0.22535211267605634
Venus,8,0.0851063829787234,0.541033434650456,0.1466346153846154,0.1817711741933648,0.21621621621621623
ether.fi,0,0.08,0.35619047619047617,0.16923076923076924,0.23924278288313375,0.1111111111111111
ether.fi,1,0.07692307692307693,0.36324786324786323,0.17407407407407408,0.2190532615532616,0.10810810810810811
ether.fi,2,0.07692307692307693,0.36324786324786323,0.17407407407407408,0.2190532615532616,0.10810810810810811
ether.fi,3,0.07692307692307693,0.3729096989966555,0.17777777777777778,0.2213621345974287,0.10810810810810811
ether.fi,4,0.07692307692307693,0.3729096989966555,0.17777777777777778,0.2213621345974287,0.10810810810810811
ether.fi,5,0.07692307692307693,0.3729096989966555,0.17777777777777778,0.2213621345974287,0.10810810810810811
ether.fi,6,0.07407407407407407,0.3672182821118991,0.175,0.21784576368975347,0.10526315789473684
ether.fi,7,0.07142857142857142,0.4074074074074074,0.1755485893416928,0.23684012027313464,0.15
ether.fi,8,0.06896551724137931,0.4125615763546798,0.16111111111111112,0.24462387557975793,0.14285714285714285
yearn.finance,0,0.03303303303303303,0.5180180180180181,0.021335107562652472,0.04443030674936912,0.1023454157782516
yearn.finance,1,0.032448377581120944,0.5176734641528793,0.02106401384083045,0.04327001897154336,0.10084033613445378
yearn.finance,2,0.03254437869822485,0.5178863982421988,0.02114783966684019,0.043188703485929326,0.10105263157894737
yearn.finance,3,0.03225806451612903,0.5190584269024493,0.021134330925352596,0.04308947999228113,0.100418410041841
yearn.finance,4,0.03519061583577713,0.519800987542923,0.020676691729323307,0.042161738010321,0.1037344398340249
yearn.finance,5,0.03519061583577713,0.5194590585164482,0.020697577276524645,0.04207325973018521,0.1037344398340249
yearn.finance,6,0.03519061583577713,0.5194492556071757,0.020718462823725983,0.04205386646310438,0.1037344398340249
yearn.finance,7,0.03488372093023256,0.5191946872068336,0.02062111801242236,0.04221594453649818,0.10309278350515463
yearn.finance,8,0.03498542274052478,0.5206541929610904,0.020533082214215525,0.04173039270365339,0.102880658436214
